timestamp,tool,result
2026-02-12T13:59:30,report_intent,success
2026-02-12T13:59:30,view,success
2026-02-12T13:59:30,view,success
2026-02-12T13:59:31,view,success
2026-02-12T13:59:35,view,success
2026-02-12T13:59:35,view,success
2026-02-12T13:59:46,view,success
2026-02-12T13:59:47,view,success
2026-02-12T13:59:47,view,success
2026-02-12T13:59:47,view,success
2026-02-12T13:59:48,view,success
2026-02-12T13:59:48,view,success
2026-02-12T13:59:48,view,success
2026-02-12T13:59:48,view,success
2026-02-12T13:59:49,view,success
2026-02-12T13:59:49,view,success
2026-02-12T13:59:49,view,success
2026-02-12T13:59:50,view,success
2026-02-12T13:59:50,view,success
2026-02-12T13:59:50,view,success
2026-02-12T14:00:24,report_intent,success
2026-02-12T14:00:38,task,success
2026-02-12T14:00:40,task,success
2026-02-12T14:00:44,task,success
2026-02-12T14:00:45,task,success
2026-02-12T14:00:48,task,success
2026-02-12T14:00:49,task,success
2026-02-12T14:00:50,task,success
2026-02-12T14:00:59,task,success
2026-02-12T15:26:58,task,success
2026-02-12T15:27:07,report_intent,success
2026-02-12T15:27:07,view,success
2026-02-12T15:27:07,view,success
2026-02-12T15:27:08,view,success
2026-02-12T15:27:08,view,success
2026-02-12T15:27:08,view,success
2026-02-12T15:27:08,view,success
2026-02-12T15:27:32,task,success
2026-02-12T15:27:33,task,success
2026-02-12T15:27:39,task,success
2026-02-12T15:27:57,task,success
2026-02-12T15:28:57,report_intent,success
2026-02-12T15:28:57,create,success
2026-02-12T15:29:02,powershell,success
2026-02-12T16:10:09,report_intent,success
2026-02-12T16:10:09,view,success
2026-02-12T16:10:21,view,success
2026-02-12T16:10:22,view,success
2026-02-12T16:10:22,view,success
2026-02-12T16:10:22,view,success
2026-02-12T16:10:22,view,success
2026-02-12T16:10:23,view,success
2026-02-12T16:10:23,view,success
2026-02-12T16:10:23,view,success
2026-02-12T16:10:24,view,success
2026-02-12T16:10:24,view,success
2026-02-12T16:10:24,view,success
2026-02-12T16:10:32,view,success
2026-02-12T16:10:32,view,success
2026-02-12T16:10:32,view,success
2026-02-12T16:10:32,view,success
2026-02-12T16:10:45,report_intent,success
2026-02-12T16:10:45,edit,success
2026-02-12T16:10:54,edit,success
2026-02-12T16:10:55,edit,success
2026-02-12T16:10:59,view,success
2026-02-12T16:11:04,edit,success
2026-02-12T16:11:52,task,success
2026-02-12T16:12:21,task,success
2026-02-12T16:12:49,report_intent,success
2026-02-12T16:12:50,edit,success
2026-02-12T16:12:50,edit,success
2026-02-12T16:12:50,edit,success
2026-02-12T16:13:04,task,success
2026-02-12T16:13:12,powershell,success
2026-02-12T16:13:18,powershell,success
2026-02-12T16:14:04,task,failure
2026-02-12T16:15:01,task,success
2026-02-12T16:15:05,view,success
2026-02-12T16:15:08,view,success
2026-02-12T16:15:11,view,success
2026-02-12T16:15:20,report_intent,success
2026-02-12T16:15:20,view,success
2026-02-12T16:15:20,view,success
2026-02-12T16:15:21,powershell,success
2026-02-12T16:15:25,view,success
2026-02-12T16:15:32,edit,success
2026-02-12T16:15:32,edit,success
2026-02-12T16:15:38,powershell,success
2026-02-12T16:16:06,task,failure
2026-02-12T16:16:10,task,success
2026-02-12T16:16:16,powershell,success
2026-02-12T16:16:30,report_intent,success
2026-02-12T16:16:32,powershell,success
2026-02-12T16:16:37,view,success
2026-02-12T16:16:37,view,success
2026-02-12T16:16:41,view,success
2026-02-12T16:17:04,edit,success
2026-02-12T16:17:10,task_complete,success
2026-02-12T16:37:07,report_intent,success
2026-02-12T16:37:07,view,success
2026-02-12T16:37:11,view,success
2026-02-12T16:37:25,view,success
2026-02-12T16:37:25,view,success
2026-02-12T16:37:26,view,success
2026-02-12T16:37:26,view,success
2026-02-12T16:37:26,view,success
2026-02-12T16:37:27,view,success
2026-02-12T16:37:27,view,success
2026-02-12T16:37:27,view,success
2026-02-12T16:37:27,view,success
2026-02-12T16:37:28,view,success
2026-02-12T16:37:28,view,success
2026-02-12T16:37:28,view,success
2026-02-12T16:38:14,task,success
2026-02-12T16:39:34,task,success
2026-02-12T16:40:22,task,success
2026-02-12T16:41:04,,task,failure
2026-02-12T16:41:23,,task,success
2026-02-12T16:42:07,,report_intent,success
2026-02-12T16:42:08,,edit,failure
2026-02-12T16:42:08,,edit,failure
2026-02-12T16:42:08,,edit,failure
2026-02-12T16:42:08,,edit,failure
2026-02-12T16:42:09,,edit,failure
2026-02-12T16:42:09,,edit,failure
2026-02-12T16:42:18,,view,success
2026-02-12T16:42:18,,view,success
2026-02-12T16:42:18,,view,success
2026-02-12T16:42:19,,view,success
2026-02-12T16:42:19,,view,success
2026-02-12T16:42:19,,view,success
2026-02-12T16:42:29,,report_intent,success
2026-02-12T16:42:30,,view,success
2026-02-12T16:42:30,,view,success
2026-02-12T16:42:30,,view,success
2026-02-12T16:42:30,,view,success
2026-02-12T16:42:38,,view,success
2026-02-12T16:42:39,,view,success
2026-02-12T16:42:39,,view,success
2026-02-12T16:42:39,,view,success
2026-02-12T16:42:40,,view,success
2026-02-12T16:42:40,,view,success
2026-02-12T16:42:45,,view,success
2026-02-12T16:42:51,,view,success
2026-02-12T16:42:58,,edit,success
2026-02-12T16:42:58,,edit,success
2026-02-12T16:43:22,,powershell,success
2026-02-12T16:43:37,,edit,success
2026-02-12T16:43:44,,task_complete,success
